<?xml version="1.0" encoding="utf-8"?>
<key name="Software">
	<key name="ConEmu">
		<key name=".Vanilla" modified="2019-03-02 17:52:03" build="190108">
			<value name="StartType" type="hex" data="02"/>
			<value name="CmdLine" type="string" data=""/>
			<value name="StartTasksFile" type="string" data=""/>
			<value name="StartTasksName" type="string" data="{Shells::cmd}"/>
			<value name="StartFarFolders" type="hex" data="00"/>
			<value name="StartFarEditors" type="hex" data="00"/>
			<value name="ColorTable00" type="dword" data="00362b00"/>
			<value name="ColorTable01" type="dword" data="00423607"/>
			<value name="ColorTable02" type="dword" data="00808000"/>
			<value name="ColorTable03" type="dword" data="00a48231"/>
			<value name="ColorTable04" type="dword" data="00164bcb"/>
			<value name="ColorTable05" type="dword" data="00b6369c"/>
			<value name="ColorTable06" type="dword" data="00009985"/>
			<value name="ColorTable07" type="dword" data="00d5e8ee"/>
			<value name="ColorTable08" type="dword" data="00a1a193"/>
			<value name="ColorTable09" type="dword" data="00d28b26"/>
			<value name="ColorTable10" type="dword" data="0036b64f"/>
			<value name="ColorTable11" type="dword" data="0098a12a"/>
			<value name="ColorTable12" type="dword" data="002f32dc"/>
			<value name="ColorTable13" type="dword" data="008236d3"/>
			<value name="ColorTable14" type="dword" data="000089b5"/>
			<value name="ColorTable15" type="dword" data="00e3f6fd"/>
			<value name="TextColorIdx" type="hex" data="10"/>
			<value name="BackColorIdx" type="hex" data="10"/>
			<value name="PopTextColorIdx" type="hex" data="10"/>
			<value name="PopBackColorIdx" type="hex" data="10"/>
			<value name="SingleInstance" type="hex" data="00"/>
			<value name="QuakeStyle" type="hex" data="00"/>
			<value name="KeyboardHooks" type="hex" data="01"/>
			<value name="UseInjects" type="hex" data="01"/>
			<value name="Update.CheckOnStartup" type="hex" data="01"/>
			<value name="Update.CheckHourly" type="hex" data="01"/>
			<value name="Update.ConfirmDownload" type="hex" data="01"/>
			<value name="Update.UseBuilds" type="hex" data="03"/>
			<value name="FontUseDpi" type="hex" data="01"/>
			<value name="FontUseUnits" type="hex" data="01"/>
			<value name="FontSize" type="ulong" data="14"/>
			<value name="StatusFontHeight" type="long" data="12"/>
			<value name="TabFontHeight" type="long" data="13"/>
			<key name="HotKeys" modified="2019-03-01 17:56:35" build="190108">
				<value name="MinimizeRestore" type="dword" data="000011c0"/>
			</key>
			<value name="UseCurrentSizePos" type="hex" data="01"/>
			<value name="AutoSaveSizePos" type="hex" data="01"/>
			<value name="Cascaded" type="hex" data="01"/>
			<value name="IntegralSize" type="hex" data="00"/>
			<value name="WindowMode" type="dword" data="0000051f"/>
			<value name="ConWnd X" type="long" data="1001"/>
			<value name="ConWnd Y" type="long" data="68"/>
			<value name="LastMonitor" type="string" data="0,0,1366,768"/>
			<value name="ConWnd Width" type="dword" data="00000042"/>
			<value name="ConWnd Height" type="dword" data="00000027"/>
			<value name="16bit Height" type="ulong" data="0"/>
		</key>
	</key>
</key>

